NUMBER	ENGLISH	GERMAN	PORTUGUESE
1	Tongue	Zunge	Língua
2	Mouth	Mund	Boca
3	Lips	Lippen	Lábios
4	Tooth	Zahn	Dente
5	Nose	Nase	Nariz
6	Nostril	Nasenloch	Narina
7	Eye	Auge	Olho
8	Ear	Ohr	Orelha
9	Ear hole as ear canal	Ohrloch als Gehörgang	Ouvido
10	Hole in the earlobe	Loch im Ohrläppchen	Furo no lobo da orelha
11	Reamer in the earlobe	Sitift im Ohrläppchen	Alargador no lobo da orelha
12	Hole in the lower lip	Loch im der Unterlippe	Furo no lábio inferior
13	Long and thin cylinder in the lower lip	Stift in der  Unterlippe	Cilindro longo e fino no lábio inferior
14	Hole in the nasal septum	Loch in der Nasenscheidewand	Furo no septo nasal
15	Pin in the nasal septum	Stift in der Nasenscheidewand	Talo da pena no septo nasal
16	Forehead	Stirn	Testa
17	Head	Kopf	Cabeça
18	Head hair	Kopfhaar	Cabelo
19	Eyebrows	Augenbrauen	Sobrancelhas
20	Eyelashes	Augenwimpern	Cílios
21	Beard	Bart	Barba
22	Pubic hair	Schamhaar	Pelo pubiano
23	Underarm hair	Achselhaar	Pelo nas axilas
24	Cheek	Wange	Bochecha
25	Chin	Kinn	Queixo
26	Shoulder	Schulter	Ombro
27	Arm	Arm	Braço
28	Elbow	Ellbogen	Cotovelo
29	Hand	Hand	Mão
30	Back of the hand	Handrücken	Costas da mão
31	Palm	Handfläche	Palma da mão
32	Finger	Finger	Dedo
33	Thumb	Daumen	Polegar
34	Index finger	Zeigefinger	Dedo indicador
35	Middle finger	Mittelfinger	Dedo médio
36	Ring finger	Ringfinger	Dedo anelar
37	Small finger	Kleinfinger	Dedo mínimo
38	Fingernail	Fingernagel	Unha
39	Thigh	Oberschenkel	Coxa
40	Lower leg	Unterschenkel	Parte da perna abaixo do joelho e acima do tornozelo
41	Shin	Schienbein	Canela da perna
42	Calf	Wade	Panturrilha
43	Knee	Knie	Joelho
44	Popliteal fossa	Kniekehle	Parte detrás do joelho
45	Foot	Fuß	Pé
46	Instep	Fußrücken	Peito do pé
47	Sole	Sohle	Sola do pé
48	Heel	Ferse	Calcamnhar
49	Ankle	Fußknöchel	Tornozelo
50	Foot tendon	Fußsehne	Tendão do pé
51	Toe	Zehe	Dedão
52	Toenail	Zehennagel	Unha do dedão
53	Body	Körper	Corpo
54	Neck	Hals	Pescoço
55	Neck	Nacken	Nuca
56	Throat	Kehle	Gargante
57	Armpit	Achselhöhle	Axila
58	Shoulder blade	Schulterblatt	Escápula
59	Rib	Rippen	Costela
60	Chest	Brust	Peito
61	Nipple	Brustwarze	Mamilo
62	Female breast	Weibliche Brust	Peito feminino
63	Belly	Bauch	Barriga
64	Navel	Nabel	Umbigo
65	Back	Rücken	Costas
66	Buttocks	Gesaß	Nádegas
67	Penis	Penis	Pênis
68	Scrotum	Scrotum	Escroto
69	Testicle	Testikel	Testículo
70	Membrum muliebre	Membrum muliebre	Membrum muliebre
71	Vagina	Vagina	Vagina
72	Clitoris	Clitoris	Clitóris
73	Anus	Anus	Ânus
74	Skin	Haut	Pele
75	Fur	Fell	Pelo
76	Bone	Knochen	Osso
77	Blood	Blut	Sangue
78	Vein	Ader	Veia
79	Pulse	Puls	Pulso
80	Flesh	Fleisch	Carne
81	Tendon	Sehne	Tendão
82	Heart	Herz	Coração
83	Guts	Eingeweide	Vísceras
84	Stomach	Magen	Estômago
85	Intestine	Darm	Intestino
86	Fat	Fett	Gordura
87	Saliva	Speichel	Saliva
88	Urine	Urin	Urina
89	Sweat	Schweiß	Suor
90	Tear	Träne	Lágrima
91	Feces	Kot	Fezes
92	Flatus	Flatus	Flatulência
93	Breath	Atem	Hálito
94	Wound	Wunde	Ferida
95	Purupuru (skin disease)	Purupuru (Hautkrankheit)	Pupupuru (doença de pele)
96	Beak	Schnabel	Bico
97	Tail	Schwanz	Cauda
98	Wing	Flügel	Asa
99	Feather	Feder	Pena
100	Fin	Flosse	Nadadeira
101	Water	Wasser	Água
102	River	Fluß	Rio
103	Brook	Bach	Riacho
104	Lagoon	Lagune	Lagoa
105	Cachoeira (rapids, waterfall)	Cachoeira (Stromschnelle, Wasserfall)	Cachoeira
106	Narrow river arm (paraná miri)	Schmaler Flußarm (Paraná miri)	Paraná-mirim
107	Fire	Feuer	Fogo
108	Smoke	Rauch	Fumaça
109	Ash	Asche	Cinzas
110	Coal	Kohle	Carvão
111	Firewood	Brennholz	Lenha
112	Sky	Himmel	Céu
113	Cloud	Wolke	Nuvem
114	Rain	Regen	Chuva
115	Fog	Nebel	Névoa
116	Dew	Tau	Orvalho
117	Drizzle	Feiner Nebelregen	Garoa
118	Wind	Wind	Vento
119	Lightning	Blitz	Relâmpago
120	Thunder	Donner	Trovão
121	Rainbow	Regenbogen	Arco-íris
122	Sun	Sonne	Sol
123	Shadow	Schatten	Sombra
124	Year	Jahr	Ano
125	Rainy season	Regenzeit	Estação chuvosa
126	Dry season	Trockenzeit	Estação seca
127	Day	Tag	Dia
128	Night	Nacht	Noite
129	Morning	Morgen	Manhã
130	Noon	Mittag	Meio-dia
131	Eve	Abend	Véspera
132	Dawn	Morgenrot	Amanhecer
133	Moon	Mond	Lua
134	New moon	Neuer Mond	Lua nova
135	Full moon	Vollmond	Lua cheia
136	Moon halo	Ringförmiger Mondhof	Halo lunar
137	Lunar eclipse	Mondfinsternis	Eclipse lunar
138	Solar eclipse	Sonnenfinstemis	Eclipse solar
139	Star	Stern	Estrela
140	Pleiades	Plejaden	Plêiades
141	Milky way	Milchstraße	Via Láctea
142	Ground	Erdboden	Chão
143	Field	Feld	Campo
144	Path	Weg	Caminho
145	Mountain	Berg	Montanha
146	Forest	Wald	Floresta
147	Island	Insel	Ilha
148	Beach	Strand	Praia
149	Stone	Stein	Pedra
150	Pumice	Bimsstein	Pedra-pomes
151	Whiter clay	Weißer Ton	Tabatinga (tipo de argila mais clara)
152	Yellow tone	Gelber Ton	Argila amarelada
153	Hole	Loch	Buraco
154	Grave	Grab	Tumba
155	Sea	Meer	Mar
156	Rio solimões	Rio Solimões	Rio Solimões
157	Rio yapurá	Rio Yapurá	Rio Japurá
158	Rio apaporis	Rio Apaporis	Rio Apapóris
159	Village, home	Dorf, Heimat	VIla, Lar
160	Home	Heimat	Lar
161	Your home	deine Heimat	Seu lar
162	House	Haus	Casa
163	Entrance	Eingang	Entrada
164	Exit	Ausgang	Saída
165	Trapdoor	Falltür	Alçapão
166	Buttress posts	Strebepfosten	Contraforte
167	Wall	Wand	Parede
168	Horizontal battens that hold the paxiúbal batts of the wall together in the middle	Horizontallatten, die die Paxiúbalatten der Wand in der Mitte zusammenhalten	
169	Beams that sit on the paxiúbalatten on the wall and support the roof	Balken, die auf den Paxiúbalatten der Wand aufsitzen und das Dach tragen	
170	Sloping rafters	Schräge Dachsparren	caibros inclinados
171	Roof cladding made from leaves of the caraná palm tree	Dachbekleidung aus Blättern der Caraná Palme	Revestimento do telhado feito de folhas de caraná
172	Horizontal barriers to which these caraná leaves are attached	Horizontalsperren, an denen diese Caraná Blätter befestigt sind	Barreiras horizontais onde essas folhas de caraná são conectadas
173	Chimney	Rauchfang	Chaminé
174	Planting	Pflanzung	Plantio
175	Torch	Fackel	Tocha
176	Yeasts	Hefen	Levedura
177	Storage place in forest (l. g .. mitasáua)	Lagerplatz in Walde (l. g.. mitasáua)	Local armazenar coisas na floresta
178	Scaffolding in the house to put things on or hang on	Gerüst im Haus, um Sachen darauf zu legen oder daran zu hängen	Plataforma na casa para colocar ou pendurar coisas
179	Stool	Sitzschemel	Banco
180	Curauá fibers	Curauáfasern	Fibra de carauá
181	Hammock	Hängmatte	Rede
182	Cotton hammock	Hängematte aus Baumwolle	Rede de algodão
183	Hammock ropes	Hängemattenstricke	Corda da rede
184	Cotton	Baumwolle	Algodão
185	Cloth	Tuch	Tecido
186	Carrying basket of women	Tragkorb der Weiber	Cesto de carga para mulheres
187	Men's carrying basket to get coca leaves	Tragbkorb der Männer um Coca-Blätter zu holen	Cesto de carga para homens coletarem folhas de coca
188	Hanging basket	Hangkörbchen	Cesto para pendrar
189	Flat basket for mandioca (beijús), etc.	Flacher Korb für Mandiocafladen (Beijús) usw.	Cesto plano para mandioca (beijus) etc.
190	Large, flat, fine, mandioca strainer	Großes, flaches, feines, Mandiocasieb	Coador grande, plano e fino para mandioca
191	Large, flat, coarser mandoca strainer	Großes, flaches, gröberes Mandocasieb	Coador grande, plano e rústico para mandioca
192	Flat, coarse basket for storing fruits, bulbs, etc.	Flacher, grober Korb zum Aufbewahren von Füchten, Knollen usw.	Cesto plano e rústico para armezenar frutas, bulbos etc.
193	Deep basket for storing farinha (mandioca flour)	Tiefer Korb zum Aufbewahren von Farinha (Mandiocamehl)	Cesto fundo para armazenar farinha (farinha de mandioca)
194	Cylinder made of tree bark for storing manioc dough	Zylinder aus Baumrinde zum Aufbewahren von Mandiocamasse	Cilindro feito de casca de árvore para armezenar massa de mandioca
195	Small, round, very fine sieve to sieve coca powder.	Kleines, runder, sehr feines Sieb, um Cocapulver zu sieben.	Peneira pequena, redonda e bem fina para pó de coca
196	Mat for covering vessels	Matte zum Zudecken von Gefäßen	Tapete apra cobrir os recipientes
197	Braided tube (tipiti) for squeezing the manioc dough	Geflochtener Schlauch (tipiti) zum Auspressen der Mandiocamasse	Tubo transado (tipiti) para espremer a massa da mandioca
198	Square men's tucum cord bag for small items	Viereckige Tasche der Männer aus Tucumschnüren für Kleinkram	Saco quadrado  masculino de cordão de tucum para itens pequenos
199	Knitting frame z. manufacture these bags	Strickrahmen z. Verfertigen dieser Taschen	
200	Fire fans	Feuerfächer	Abano
201	Calabash 	Kalabasse 	Cabaça
202	Big calabash	große Kalabasse	Cabaça grande
203	Small calabash for scooping	kleine Kalabasse zum Schöpfen	Cabaça pequena para escavar
204	Cooking pot	Kochtopf	Panela
205	Iron saucepan	Eiserner Kochtopf	Panela de ferro
206	Large kashiri pot	Großer Kaschiritopf	Jarro grande para caxiri
207	Deep bowl in which you can ferment the mandioca	Tiefe Topfschale, in der man Mandiocamasse gären läßt	Tigela funda para fermentar a mandioca
208	Large, flatter saucepan for manicuéra (boiled mandioca juice)	Große, flachere Topfschale für Manicuéra (abgekochten Mandiocasaft)	Panela grande mais plana para manicuera
209	Clay vessel for the drink	Tongefäß für das Getränk	Recipiente de argila para bebidas
210	Water pot with two handles	Wassertopf mit zwei Henkein	Jarro de água com duas alças
211	Clay bowl	Tonschale	Tigela de argila
212	Bowl for coca	Schale für Coca	Tigela para coca
213	Clay bowl with foot as handle	Tonschale mit Fuß als Handgriff	
214	Pottery clay	Töpferton	Argila
215	Hourglass-shaped frame made of chopsticks for vessels	Sanduhrförmiges Gestell aus Stäbchen für Gefäße	
216	Mortar	Mörser	Pilão
217	Pestle	Stössel	Socador (do pilão)
218	Stove top	Herdplatte	Chapa, forno para beiju
219	Earthenware	Tönerne	Louça de barro
220	Gridiron	Bratrost	Grelha
221	Manioc grater	Mandiocareibebrett	Ralador de mandioca, ralo de mandioca
222	Wooden cylinder in which coca is tapped	Holzzylinder, in dem Coca geklopft wird	Cilindro de madeira onde a coca é macerada 
223	Coca hammer	Cocaklopfer	Martelo para coca
224	Raffia bags for coca	Bastsäckchen für Coca	Sacos de ráfia para coca
225	Hollow bird bones for sucking coca	Hohler Vogelknochen, um Coca zu saugen	Ossos ocos de ave para sugar coca
226	Calabash with lid as a coca container	Kalabasse mit Deckel als Cocabehälter	Cabaça com tampa para ser um conteiner de coca
227	Wooden lid for this calabash	Holzdeckel zu dieser Kalabasse	Tampa de madeira para essa cabaça
228	Bone spoon used to take coca	Knochenlöffel, mit dem Coca genommen wird	Colher de osso para pegar coca
229	Axe	Beil	Machado
230	Stone axe	Steinbeil	Machado de madeira
231	Knife	Messer	Faca
232	Forest knife	Waldmesser	Faca de sobrevivência
233	Tree	Einbaum	Árvore
234	Rudder	Ruder	Leme
235	Grid on the boat for protection against backflow	Lattengitter im Boot Schutzgegen das Kielwasser	Grade de rede no barco para proteção contra o refluxo
236	Sun canopy (tolda) over the boat	Sonnendach (tolda) über dem Boot	Tolda do barco
237	Bow	Bogen	Arco
238	Bowstring	Bogensehne	Corda do arco
239	Arrow	Pfeil	Flecha
240	Large poisoned arrows for high hunting	Große vergiftete Pfeile für Hochjagd	Flechas grandes envenedadas para caçar
241	Case for the tips of these poison arrows	Futteral für die Spitzen dieser Giftpfeile	Estojo para as pontas dessas flechas envenenadas
242	Fish arrow with double iron point	Fischpfeil mit doppelter Eisenspitze	Flecha para peixe com ponta dupla de ferro
243	Harpoon arrow	Harpunenpfeil	Flecha de arpão
244	Iron harpoon of this arrow	Eiserne Harpune dieses Pfeils	Arpão de ferro dessa flecha
245	Tip of the harpoon	Spitze der Harpune	Ponta do arpão
246	Barb of the tip	Widerhaken der Spitze	Farpa da ponta
247	Wrap around the top	Umwicklung der Spitze	Invólucro envolta da ponta
248	Wooden stick into which the harpoon is inserted	Holzastab, in den die Harpune gestecket wird	Graveto de madeira onde o arpão é inserido
249	Pipe shaft of the harpoon arrow	Rohrschaft des Harpunenpfeils	Tubo da flecha do arpão
250	Hand end of the tubular shaft	Handende des Rohrschaftes	Final do tubo
251	Harpoon cord	Schnur der Harpune	Corda do arpão
252	Pitch	Pech	Breu
253	Club	Keule	Clava 
254	String of mace	Schnur der Keule	Corda do martelo
255	Blowgun	Blasrohr	Zarabatana
256	Blowpipe arrow	Blasrohrpfeilchen	Flecha para zarabatana
257	Mouthpiece of the blowpipe	Mundstück des Blasrohres	Bocal da zarabatana
258	Quiver for the poison arrows	Köcher für die Giftpfeilchen	Aljava de flechas envenenadas
259	Poison dart	Pfeilgift	Dardo envenenado
260	Tree silk (samaúma) to wrap the blowpipe sticks	Baumseide (Samaúma) zum Umwickeln der	
261	Poison lance	Giftlanze	Lança envenenada
262	Flutteral for the tips of the poison lances	Flutteral für die Spitzen der Giftlanzen	
263	Point of the poison lance	Spitze der Giftlanze	Ponta da lança envenenada
264	Shield	Schild	Escudo
265	War shield	Kriegsschild	Escudo de guerra
266	Fishnet	Fischnetz	Rede de pesca
267	Big trap	Große Reuse	Armadilha grande
268	Small trap	Kleine Reuse	Armadilha pequena
269	Fish trap	Fischfalle	Armadilha para peixe
270	Fishing rod	Angel	Vara de pesca
271	Fishing line	Angelschnur	Linha de pesca
272	Gun	Gewehr	Arma de fogo
273	Gunpowder	Pulver	Pólvora
274	Shot	Schrot	Tiro
275	Hip cord	Hüftschnur	Cordão da cintura
276	Man's loincloth	Schambinde des Mannes	Tanga masculina
277	Woman's loincloth	Schamschurz der Frau	Tanga feminina
278	Wide raffia belt (men's costume)	Breiter Bastgürtel (Tracht der Männer)	Cinto largo de ráfia (traje masculino)
279	Bracelets made of raffia (men's costume)	Armbänder aus Bast (Tracht der Männer)	Braceletes feitos de ráfia (traje masculino)
280	Softer strips of raffia to tie belts and bracelets	Weichere Baststreifen, um Gürtel und Armbänder festzubinden	Pedaços mais maleáveis de ráfia para amarrar cintos e braceletes
281	Male braid	Männerzopf	Trança masculina
282	Raffia wrap around the braid	Bastumwicklung des Zopfes	Ráfia enrolada em torno da trança
283	Mirror	Spiegel	Espelho
284	Needle	Nadel	Agulha
285	Earring	Ohrring	Brinco
286	Pearls	Perlen	Pérolas
287	Suitcase	Koffer	Mala
288	Comb	Kamm	Pente
289	Fine head feathers, gala jewelery (lingoa yamáhapoa geral: kangatára) mahápoali (macaw feathers)	Feine Kopffederbinde, Galaschmuck (lingoa yamáhapoa geral: kangatára) mahápoali (Ararafedern)	Cocar, indumentária
290	Headdress made of toucan feathers in straw 	Kopfputz aus Tukanfederchen in Strohreif	Cocar feito com penas de tucano e palha
291	Straw frost on this jewelry	Strohreif zu diesem Schmuck	
292	Dance device that represents a fish trap and is worn on the braid	Tanzgerät, das eine Fischreuse darstellt und am Zopf getragen wird	Dispositivo de dança que representa uma armadilha de peixe e é usado na trança
293	Macaw tail feather that is worn on this dance device	Araraschwanzfeder, die an diesem Tanzgerät getragen wird	Pena da cauda da arara que é usada nesse dispositivo de dança
294	Long nose piercing made of smoothed palm wood	Langer Nasenstab aus geglättetem Palmholz	Piercing de nariz longo feito de madeira de palmeira polida
295	Carved tucumá fruit peel bracelet	Armband aus geschnitzten Tucumáfruchtschalen	Bracelete curvado de pele da fruta tucumá
296	Knee band woven from curauá fibers	Kniebänderz aus Curauáfasern gewebt	Faixa para o joelho de fibra de tucumá
297	Quartz cylinder, men's breast jewelry	Quarzzylinder, Brustschmuck der Männer	Cilindro de quartzo, jóia maculina para os peitos
298	Black seeds that are always associated with this quartz jewelry	Shwarze Samen, die stets mit diesem Quarzschmuck verbunden sind	Sementes pretas que são sempre associadas a esse cilindro de quartzo
299	Necklace made from black cocoons	Halskette aus schwarzen Cocons	Colar feito de casulos pretos
300	Necklace made from gray grass seeds (sta.maria capim)	Halskette aus grauen Grassamen (Sta. Maria Capim)	Colar feito de sementes de erva-de-santa-maria
301	Cerimonial mask	Tanzmaskenanzug	Máscara para cerimônias
302	Raffia jacket of the mask suit	Bastjacke des Maskenanzuges	Jaqueta de ráfia para o traje com máscaras
303	Raffia hanging of the mask suit	Bastbehang des Maskenanzuges	Fios de ráfia pendentes do traje
304	Face cover made of raffia	Gesichtsüberzug aus Bast	Cobertura para o resto feito de ráfia
305	Wooden headpiece of the mask suit	Hölzerner Kopfaufsatz des Maskenanzuges	Chapéu de madeira do taje
306	Ears on this headpiece	Ohren an diesem Kopfaufsatz	Orelhas nesse chapéu
307	White down feathers on those ears	Weiße Flaumfedern an diesen Ohren	Penas brancas nessas orelhas
308	Edge painting of the headpiece	Randbemalung des Kofaufsatzes	Pintura nos cantos desse chapéu
309	Braid of the mask suit	Zopf des Maskenanzuges	Trança da máscara do taje 
310	Dance rattle (pumpkin rattle)	Tanzrassel (Kürbisrassel)	Chocalho de dança (chocalho de abóbora)
311	The clatter of dance from halved fruit pods, which are worn around the ankle	Tanzklappern aus halbierten Fruchtschalen, die um den Fußköchel getragen werden	
312	Dance pole made of hollowed ambaúva wood	Tanzstab aus ausgehöhltem Ambaúvaholz	Poste de dança feito de madeira oca de Ambaúva
313	Handle of the dance rattle	Stiel der Tanzrassel	Cabo do chocalho de dança
314	Slot of the dance rattle	Schlitz der Tanzrassel	Buraco do chocalho de dança
315	Incised pattern on the dance rattle	Ritzmuster auf der Tanzrassel	Padrão entalhado no chocalho de dança
316	Ordinary flute pipe made of pipe	Gewöhnliche Flötenpfeife aus Rohr	Flauta comum feita de tubo
317	Panpipe	Panpeife	Flauta de pã
318	Wooden horn	Hölzerne Signaltute	Trumpa de madeira
319	Sound signal horn	Signaltute aus Ton	Trompa do sinal de som
320	Big signal drum	Große Signaltrommel	Tambor grande de sinal
321	Round dance, singing	Rundtanz, Gesang	Dança de roda enquanto canta
322	Yuruparý dance festival	Yuruparý-Tanzfest	Vestival de dança Jurupari
323	Let's dance!	laßt uns tanzen!	Vamos dançar!
324	Yuruparý whip	Yuruparý-Peitsche	Chicote Jurupari
325	Small flute pipe	Kleine Flötenpfeife	Flauta de pã pequena
326	Larger flute pipe	Größere Flötenpfeife	Flauta de pã maior
327	Big flute pipe	Große Flötenpfeife	Flauta de pã grande
328	Very large flute pipe	Sehr große Flötenpfeife	Flauta de pã muito grande
329	Bag	Tute	Bolsa
330	Big bag	Große Tute	Bolsa grande
331	Fermented alcoholic drink	Kaschiri	Caxiri
332	Manicuéra (sweet, boiled mandioca juice)	Manicuéra (süßer, abgekochter Mandiocasaft)	Manicuera
333	Cachaça (rum)	Cachaça (Rum)	Cachaça
334	Coca	Coca	Coca
335	Ash from ambaúva leaves as an additive to coca	Asche aus Ambaúvablättern als Zusatz zu Coca	Cinzas das folhas de ambuava como um aditivo à coca
336	Spherical, polished calabash for coca (only worn during festivities)	Kugelige, polierte Kalabasse für Coca (nur bei Festlichkeiten getragen)	Cabaça esférica e polida para coca (apenas usadas nos festivais)
337	Hollow heron bones to this device	Hohler Reiherknochen zu diesem Gerät	Ossos ocos de garça desse dispositivo
338	Wax sticks made from inambú feathers that are dipped in beeswax and then bent together	Wachsstöcke aus Inambúfedern, die in Bienenwachs getaucht und dann zusammengebogen werden	Paus de cera feitos de penas de inambu, as quais são mergulhadas em cera de abelha e coladas juntas
339	Human	Mensch	Humano
340	People	Leute	Pessoas
341	Man	Mann	Homem
342	Husband	Ehemann	Marido
343	Father	Vater	Pai
344	Daddy	Papa	Papai
345	Mother	Mutter	Mãe
346	Mummy	Mama	Mamãe
347	Father-in-law	Schwievatter	Sogro
348	Mother-in-law	Schwiegermutter	Sogra
349	Child	Kind	Criança
350	Infant	Säugling	Bebê
351	My son	mein Sohn	meu filho
352	Grandson	Enkel	Neto
353	Boy	Knabe	Menino
354	Youth	Jüngling	Jovem
355	Brother	Bruder	Irmão
356	Older brother	älterer Bruder	Irmão mais velho
357	Younger brother	jüngerer Bruder	Irmão mais novo
358	Brother in law	Schwager	Cunhado
359	Sister	Schwester	Irmã
360	Older sister	ältere Schwester	Irmã mais velha
361	Younger sister	üngere Schwester	Irmã mais nova
362	Sister in law	Schwägerin	Cunhada
363	Woman	Weib	Mulher
364	Wife	Gattin	Esposa
365	His wife	seine Gattin	Esposa dele
366	Girl	Mädchen	Menina
367	Daughter	Tochter	Filha
368	Granddaughter	Enkelin	Neta
369	Widow	Witwe	Viúva
370	Uncle	Oheim	Tio
371	Aunt	Tante	Tia
372	Cousin (male)	Vetter	Primo
373	Cousin (female)	Base	Prima
374	Old man	Greis	Velho
375	Old woman	Greisin	Velha
376	Grandfather	Großvater	Avô
377	Grandmother	Großmutter	Avó
378	Chief	Häuptling	Chefe
379	White man	Weißer	Homem branco
380	Magician	Zauberarzt	Mago
381	Drug	Arzneimittel	Droga
382	Poison	Krankheitsgift	veneno
383	Fever	Fieber	Febre
384	Dysentery	Dysenterie	Diarreia
385	Tobacco	Tabak	Tabaco
386	Tobacco leaf	Tabakblatt	Folha de tabaco
387	Big cigar	Große Zigarre	Charuto grande
388	Cigar fork	Zigarrengabel	Forquilha para cigarro
389	Snuff	Schnupftabak	Rapé
390	Sniffing device	Schnupfapparat	Aparelho de rapé
391	Snuffbox	Schnupftabakdose	Porta-tabaco
392	Large snail shell that is used as a snuffbox	Große Schneckenschale, die als Schnupftabakdose verwendet wird	Concha grande de lesma usada como um porta-tabaco
393	Wound scratches (triangular calabash shard, studded with teeth of the trahíra fish)	Wundkratzer (dreieckige Kalabassenscherbe, mit Zähnchen d.Trahíra-Fisches besetzt)	 Feridas (fragmento triangular de cabaça)
394	God	Gott	Deus
395	Ghost	Gespenst	Fantasma
396	Forest spirit	Waldgeist	Espírito da floresta
397	Soul	Seele	Alma
398	Language	Sprache	Língua
399	Capuchin monkey	Affe (Macaco prego)	Macaco-prego
400	Howler monkey	Brüllaffe	Bugio
401	Uacari monkey	Uacarí-Affe	Uacari
402	Oayapisá monkey	Oayapisá-Affe	Macaco uaiapuçá (japuçá/uapuçá)
403	Yuruparý monkey	Yuruparý-Affe	Macaco jurupari
404	Caiarára monkey	Caiarára-Affe	Baiarara
405	Barrigudo monkey	Barrigudo-Affe	Macaco barrigudo
406	Macaquinho	Macaquinho	Macaquinho
407	Bat	Fledermaus	Morcego
408	Small bat	Kleine Fledermaus	Morcego pequeno
409	Micura	Micura	Mucura (saruê) 
410	Jaguar, more colorful	Jaguar, bunter	Onça pintada
411	Jaguar, black	Jaguar, schwarzer	Onça preta
412	Puma	Puma	Suçuarana, Onça-Parda
413	Maracajá	Maracajá	Gato-maracajá 
414	Deer	Hirsch	Veado-Campeiro
415	Stag	Hirsch (Rothirsch)	Veado-Vermelho
416	Otter	Fischotter	Lontra
417	Tapir	Tapir	Anta
418	Capybara	Capivara	Capivara
419	Paca	Paca	Paca
420	Agutí	Agutí	Cutia
421	Agutiuaya 	Agutiuaya	Cutiara 
422	Coati	Cuatí	Quati
423	Cuatipurú	Cuatipurú	Quatipuru (tipo de esquilo)
424	Small cuatipurú	Kleines Cuatipurú	Quatipuru pequeno
425	Rat, mouse	Ratte, Maus	Rato, camundongo
426	Mouse	Maus	Camundongo
427	Armadillo	Gürteltier	Tatu
428	Giant armadillo	Riesengürteltiers	Tatu grande
429	Armadillo shell	Schale des Gürteltiers	Casco de tatu
430	Sloth	Faultier	Bicho-preguiça
431	Giant anteater	Großer Ameisenbär	Tamanduá bandeira
432	Little anteater	Kleiner Ameisenbär	Tamanduá mirim
433	Taitetú pig	Taitetú-Schwein	Caititu
434	Taiasu pig	Taiasú-Schwein	Queixada
435	Pig teeth	Schweinszähne	Dente de porco
436	Pig, european	Schwein, europaisches	Porco europeu
437	Dog	Hund	Cão
438	Cat	Katze	Gato
439	Manatee	Manatí	Peixe-boi
440	Dolphin	Delphin	Golfinho
441	Bird (= passarinho)	Vogel (=passarinho)	Passarinho
442	Egg	Ei	Ovo
443	Red macaw	Arara, rot	Arara vermelha
444	Blue macaw	Arara, blau	Arara azul
445	Periquito	Periquito	Periquito
446	Parrot	Paragei	Papagaio
447	Anacã	Anacã	Anacã
448	Mutum	Mutum	Mutum
449	Urumutum	Urumutum	Urumutum
450	Jacú	Jacú	Jacu
451	Cujubim	Cujubim	Cujubi
452	Jacamý	Jacamý	Jacamim
453	Corocoró	Corocoró	Coró-coró
454	Great inambú	Großes Inambú	Inambu grande
455	Little inambú	Kleines Inambú	Inambu pequeno
456	Dove	Taube	Pombo
457	Tucáno	Tucáno	Tucano
458	Yapu	Yapú	Japu
459	Japeim	Japeim	Japiim
460	Woodpecker (arapaso)	Specht (Arapaso)	Pica-pau (Arapaçu)
461	Thunder	Trovão	Trovão
462	Taiasuirá	Taiasuirá	Taiasuirá
463	Aracuã	Aracuã	Aracuã
464	Anacoró	Anacoró	Anacoró
465	Andurĩ	Andurĩ	Andorinha
466	Little white swallow	Kleine weiße Schwalbe	Andorinha branca pequena
467	Nightjar	Nachtschwalbe	Noitibó
468	Uratauí	Uratauí	Uratau
469	Humming-bird	Kolibri	Beija-flor
470	Bird	Vogel	Pássaro
471	Rooster, chicken	Hahn, Huhn	Galo, frango
472	Duck	Ente	Pato
473	Little colorful duck	Kleine bunte Ente	Pato pequeno colorido
474	Martim pescador (type of kingfisher)	Martim pescador (Art Eisvogel)	Martim pescador
475	Carará	Carará	Carará
476	Mergulhão	Mergulhão	Mergulhão
477	Little gull	Kleine Möve	Gaivota-pequena
478	Saracúra (type of coot)	Saracúra (Art Wasserhuhn)	Saracura
479	Socó	Socó	Socó
480	White heron	Weißer Reiher	Garça-branca
481	Yaburú	Yaburú	Jaburu
482	Maguarý	Maguarý	Maguari
483	Tuyuyú	Tuyuyú	Tuiuiú
484	Urubú	Urubú	Urubu
485	Great gavião	Großer Gavião	Gavião grande
486	Hawk	Habicht	Gavião
487	Cancão	Cancão	Cancão
488	Big owl	Große Eule	Coruja grande
489	Little owl	Kleine Eule	Corujinha
490	Lung	Lunge	Pulmão
491	Liver	Leber	Fígado
492	Wattle	Kehllappen	Barbela de ave
493	Fish	Fisch	Peixe
494	Scales	Schuppen	Escamas
495	Fishbone	Gräten	Espinha de peixe
496	Stingray	Rochen	Arraia
497	Sorubim	Sorubim	Sorubim
498	Piranha	Piranha	Piranha
499	Electric eel	Zitteraal	Enguia elétrica
500	Pirarára	Pirarára	Piraraba
501	Pirahíba	Pirahíba	Piraíba
502	Tucunaré	Tucunaré	Tucunaré
503	Pacu	Pacú	Pacu
504	Aracú	Aracú	Aracu
505	Acará	Acará	Acará
506	Trahira	Trahira	Traíra
507	Yataiuarana	Yataiuarana	Jatuarana
508	Jacundá	Jacundá	Jacundá
509	Mandubé	Mandubé	Mandubé
510	Pirarucú	Pirarucú	Pirarucu
511	Peixe cachorro	Peixe cachorro	Peixe-cachorro
512	Candirú	Candirú	Candiru
513	Alligator	Alligator	Jacaré
514	Iguana	Leguan	Iguana
515	Lizard	Eidechse	Lagarto
516	Frog	Frosch	Rã
517	Toad	Kröte	Sapo
518	Frog or toad	Frosch oder Kröter	Rã ou sapo
519	Tartaruga	Tartaruga	Tartaruga
520	Big-headed amazon river turtle	Cabeçudo	Cabeçudo (tipo de tartaruga)
521	Jabutí	Jabutí	Jabuti
522	Shell of the cabeçudo	Schild der Cabeçudo	Casco de cabeçudo
523	Snake	Schlange	Cobra
524	Big water snake	Große Wasserschlange	Cobra d'água grande
525	Boa	Jiboya	Jiboia
526	Jararáca	Jararáca	Jararaca
527	Surucucú	Surucucú	Surucucu
528	Earth worm	Erdergenwurm	Minhoca
529	Palm weevil larva	Baumregenwurm	Mochiva (larva de besouro que fica na árvore)
530	Ant	Ameise	Formiga
531	Saúba ant	Saúba-Ameise	Saúva
532	Maniuára ant	Maniuára-Ameise	Maniuara
533	Tocandíra ant	Tocandíra-Ameise	Tocandira
534	Termites	Termiten	Cupim
535	Taracuá	Taracuá	Taracuá (tipo de formiga)
536	Fly	Fliege	Mosca
537	Mosquito	Mosquito	Mosquito
538	Small mosquito	Kleine Mosquito	Mosquito pequeno
539	Pium	Pium	Pium
540	Mutuca	Mutuca	Mutuca
541	Bee	Biene	Abelha
542	Honey	Honig	Mel
543	Wasp	Wespe	Vespa
544	Grasshopper	Heuschrecke	Gafanhoto
545	Cricket	Grille	Grilo
546	Dragonfly	Wasserjungfer	Libélula
547	Butterfly	Shmetterling	Borboleta
548	Big blue butterfly	Großer blauer Schmetterling	Borboleta grande azul
549	Caterpillar	Raupe	Lagarta
550	Dung beetles	Mistkäfer	Besouro rola-bosta
551	Firefly	Leuchtkäfer	Vagalume
552	Barata	Barata	Barata
553	Tick	Carapato	Carrapato
554	Very small tick	Sehr kleine Carapato	Carrapato muito pequeno
555	Louse	Laus	Piolho
556	Flea	Floh	Pulga
557	Sand flea	Sandfloh	Bicho-de-pé
558	Micuim	Micuim	Micuim
559	Spider	Spinne	Aranha
560	Crab	Krebs	Caranguejo
561	Shrimp	Camarão	Camarão
562	Scorpion	Skorpion	Escorpião
563	Water spider	Wasserspinne	Aranha d'água
564	Millipede	Tausendfuß	Centopeia
565	Maruim	Maruim	Maruim
566	Páca	Páca	Paca
567	Shell	Muschel	Concha
568	Slug	Schnecke	Lesma
569	Tree	Baum	Árvore
570	Leaf	Blatt	Folha
571	Branch	Ast	Galho
572	Bark	Rinde	Casca da árvore
573	Root	Wurzel	Raiz
574	Thron	Dorn	Espinho
575	Seeds	Samen	Semente
576	Resin	Harz	Resina
577	Peel, pod	Schale, Hülse (d.Frucht)	Casca da fruta
578	Blossom	Blüte	Flor
579	Fruit	Frucht	Fruta
580	Shrub	Strauch	Arbusto
581	Grass	Gras	Grama
582	Corn	Mais	Milho
583	Mandioca	Mandioca	Mandioca
584	Mandioca flour (farinha)	Mandiocamehl (Farinha)	Farinha de mandioca
585	Mandioca (beijú)	Mandiocafladen (Beijú)	Beiju
586	Curatá	Curatá	Curatá
587	Tapioca	Tapioca	Tapioca
588	Banana	Banane	Banana
589	Potatoes	Batate	Batata
590	Cará, inyame	Cará, Inyame	Inhame
591	Capsicum	Capsicum	Capsicum (gênero de plantas que inclui pimenta e pimentão)
592	Peppersauce	Pfeffersauce	Molho de pimenta
593	Tucupí	Tucupí	Tucupi
594	Pineapple	Ananas	Abacaxi
595	Tame	Zahme	Domesticado
596	Savage	Wilde	Selvagem
597	Cocoa	Kakao	Cacao
598	Yapurá	Yapurá	Japurá
599	Cucura	Cucura	Cucura
600	Umarí	Umarí	Umari
601	Abíu	Abíu	Abiu
602	Iua	Iua	Iuá-pixuna
603	Copoasú	Copoasú	Cupuaçu
604	Copoaï	Copoaï	Cupuí
605	Cumaru	Cumarú	Cumaru
606	Cubiu	Cubiu	Cubiu
607	Pinupinú (medicinal plant)	Pinupinú (Medizinalpflanze)	
608	Pokeá nut	Pokeá-Nuß	Tipo de noz
609	Ukuki	Ukuki	Ucuqui
610	Pumpkin	Kürbis	Abóbora
611	Timbó	Timbó	Timbó
612	Sipó	Sipó	Sipó
613	Rubber	Kautschuk	Látex
614	Rubber	Gummi	Borracha
615	Gummy milk	Gummi-Milch	Seiva
616	Bamboo	Bambus	Bambu
617	Giant reed	Pfeilrohr	Cana-do-reino
618	Sugar cane	Zuckerrohr	Cana-de-açúcar
619	Urucú	Urucú	Urucum
620	Carayurú	Carayurú	Carayurú
621	Genipapo	Genipapo	Genipapo
622	Mold on mandioca cake	Schimmel auf Mandiocafladen	Mofo no bolo de mandioca
623	Mirití	Mirití	Buriti
624	Tucum	Tucum	Tucum
625	Tucumá	Tucumá	Tucumã
626	Caraná	Caraná	Caraná
627	Puxiúba	Puxiúba	Paxiúba
628	Piassába	Piassába	Piaçaba
629	Yauary	Yauarý	Jauari
630	Busú	Busú	Ubuçu
631	Açaí	Assaï	Açaí
632	Pupunha	Pupunha	Pupunha
633	Patauá	Patauá	Patauá
634	Bacaba	Bacaba	Bacaba
635	Little	Wenig	Pequeno
636	A lot of	Viel	Muito
637	Half	Halb	Metade
638	Full	Voll	Cheio
639	Everything	Alles	Tudo
640	I	Ich	Eu
641	You	Du	Você
642	He	Er	Ele
643	Another	Ein anderer	Outro
644	We	Wir	Nós
645	Your	Ihr	Seu
646	They	Sie	Eles
647	Other	Andere	Outro
648	My bow	Mein Bogen	Meu arco
649	Your bow	Dein Bogen	Seu arco
650	Your coca	Deine Coca	Sua coca
651	His bow	Sein Bogen	O arco dele
652	Our house	Unser Haus	A nossa casa
653	Your house	Euer Haus	Sua casa
654	Your house	Ihr Haus	Sua casa
655	Large	Groß	Grande
656	Small	Klein	Pequeno
657	High	Hoch	Alto
658	Deep	Tief	Fundo
659	Long	Lang	Longo
660	Short	Kurz	Curto
661	Wide	Breit	Largo
662	Fat (adjective)	Fett	Gordo
663	Skinny	Mager	Magro
664	Heavy	Schwer	Pesado
665	Light	Leicht	Leve
666	Cold	Kalt	Frio
667	Very cold	sehr kalt	muito Frio
668	Warm	Warm	Quente
669	Dry	Trocken	Seco
670	Wet	Naß	Molhado
671	Rotten	Verfaut	Estragado (podre)
672	Ill	Krank	Doente
673	Dead	Tot	Morto
674	Hard	Hart	Duro
675	Soft	Weich	Mole
676	Pregnant	Schwanger	Grávida
677	Good	Gut	Bom
678	Nice	Schön	Legal
679	Bad	Schlecht	Mau
680	Brave	Tapfer	Corajoso
681	Cowardly	Feig	Covarde
682	White	Weiß	Branco
683	Black	Schwarz	Preto
684	Dirty	Schmutzig	Sujo
685	Dark	Dunkel	Escuro
686	Red	Rot	Vermelho
687	Blue	Blau	Azul
688	Green	Grün	Verde
689	Yellow	Gelb	Amarelo
690	Yesterday	Gestern	Ontem
691	Today	Heute	Hoje
692	Now	Jetzt	agora
693	Immediately	Sogleich	Imediatamente
694	One day	Dereinst	Um dia
695	Right	Rechts	Direita
696	Left	Links	Esquerda
697	Here	Hier	Aqui
698	Near	Nahe	Perto
699	There	Dort	Lá
700	Remote	Fern	Longe
701	There	Dorther	De lá
702	Front of (the house)	Vor (dem Haus)	Na frente (da casa)
703	Behind the house	Hinter dem Haus	Atrás da casa
704	Over, on the house	Über, auf dem Haus	Em cima da casa
705	On the tree	Auf dem Baum	Na árvore
706	Under the house	Unter dem Haus	Embaixo da casa
707	In the house, inside the house	In dem Haus, Im innern des Hauses	Na casa, dentro da casa
708	Yes	Ja	Sim
709	No	Nein	Não
710	To breathe	Atmen	Respirar
711	Get up, get up	Aufstehen, sich erheben	Se levantar
712	To bathe	Baden	Tomar banho
713	To have cohabitation	Beischlaf vollziehen	Ter coabitação 
714	To tie	Binden	Amarrar
715	To bury	Begraben	Enterrar
716	Stay	Bleiben	Ficar
717	Grind	Braten	Ralar
718	Burn, burn	Brennen, verbrennen	Queimar
719	A burnt house	ein Haus verbrennen	uma casa queimada
720	To bring	Bringen	Trazer
721	Bring water!	Bring’ Wasser!	Traz água!
722	Bring ’here!	Bring’ hierher!	Traz pra cá!
723	Blow the flute	Flöte blasen	Toca a flauta
724	To think	Denken	Pensar
725	To drown	Ertrinken	Afogar
726	To eat	Essen	Comer
727	To fall	Fallen	Cair
728	We want to catch, let's catch!	Wir wollen fangen, laßt uns fangen!	A gente quer pegar, bora pegar!
729	Lets catch a woman!	laßt uns ein Weib holen [fangen]!	vamos pegar uma mulher!
730	To fly	Fliegen	Voar
731	To flow	Fließen	Fluir
732	The river flows	der Fluß strömt	O rio flui flui
733	To fish	Fischen	Pescar
734	To fear	Fürchten	Ter medo
735	To yawn	Gähnen	Bocejar
736	To give birth	Gebären	Parir
737	Give me water!	Gib mir Wasser!	Me dá água!
738	I want water	ich will Wasser haben!	eu quero água!
739	Emit a flatus	Einen Flatus von sich geben	Peidar
740	To walk	Gehen	Andar
741	To dig	Graben	Cavar
742	To grab	Greifen	Pegar
743	Do you have water?	Hast du Wasser?	Você tem água?
744	Do you have farinha?	Hast du Farinha?	Você tem farinha?
745	To hit	Hauen	Bater
746	To listen	Hören	Ouvir
747	To starve	Hungern	Morrer de fome
748	I am hungry	ich habe Hunger	Tenho fome
749	To cough	Husten	Tossir
750	To hunt	Jagen	Caçar
751	To poop	Kacken	Defecar
752	To fight	Kämpfen	Lutar
753	To chew	Kauen	Mastigar
754	To climb	Klettern	Escalar
755	To cook	Kochen	Cozinhar
756	To come	Kommen	Vir
757	Come here!	du kommst. komm! komm her!	venha aqui!
758	It comes rain	Est kommt Regen	Tá vindo chuva
759	I go to you	Ich gehe mir dir	Eu vou até você
760	To you	mit dir	até você
761	To crawl	Kriechen	Rastejar
762	I'm sick	Ich bin krank	Estou doete
763	To laugh	Lachen	Rir
764	To do	Machen	Fazer
765	To paint, paint	Malen, bemalen	Pintar
766	To sew	Nähen	Costurar
767	To sneeze	Niesen	Espirrar
768	To whistle	Pfeifen	Assoviar
769	To piss	Pissen	Urinar
770	To smoke	Rauchen	Fumar
771	To talk	Reden	Falar
772	To smell	Riechen	Cheirar
773	To row	Rudern	Remar
774	To call	Rufen	Chamar
775	I swing in the hammock	Ich schaukle mich in der Hängematte	Eu balanço a rede
776	You swing in the hammock	Du schaukelst dich in der Hängematte	Você balança a rede
777	To shoot	Schießen	Atirar
778	To sleep	Schlafen	Dormir
779	I want to sleep	Ich will schlafen	Eu quero dormir
780	To beat	Schlagen	Bater
781	To grind	Schleifen	Moer
782	To swallow	Schlucken	Engolir
783	Snoring	Schnarchen	Roncar
784	To cut	Schneiden	Cortar
785	I cut with my knife	Ich schneide mit meinem Messer	Eu corto com a minha faca
786	To swim	Schwimmen	Nadar
787	To see	Sehen	Ver
788	To sing	Singen	Cantar
789	To sit	Sitzen	Sentar
790	To speak	Sprechen	Falar
791	To leap	Springen	Pular
792	To sting	Stechen	Ferror
793	To stand	Stehen	FIcar em pé
794	To die	Sterben	Morrer
795	To dive	Tauchen	Mergulhar
796	To kill	Töten	Matar
797	To drink	Trinken	Beber
798	Turning back	Umkehren	Voltar
799	To grow	Wachsen	Crescer
800	To comb 	Waben	Pentear
801	To cry	Weinen	Chorar
802	To throw	Werfen	Arrmessar
803	To want	Wollen	Querer
804	To count	Zählen	Contar
805	To show	Zeigen	Mostrar
806	To pull	Ziehen	Empurrar
807	To tremble	Zittern	Tremer
808	Forward! let's go	Vorwärts! Laßt uns gehen	Bora! Vamo lá
809	Well! (invitation to eat etc.)	Wohlan! (Aufforderung zum Essen usw.)	Bora! (convite para comer etc.)
